dataset,class_key,support,recall,precision,f1
atrw,0,2.0,1.0,1.0,1.0
atrw,1,2.0,1.0,1.0,1.0
atrw,10,7.0,1.0,1.0,1.0
atrw,100,4.0,1.0,1.0,1.0
atrw,102,6.0,1.0,1.0,1.0
atrw,103,6.0,1.0,1.0,1.0
atrw,105,7.0,1.0,1.0,1.0
atrw,106,3.0,1.0,1.0,1.0
atrw,108,3.0,1.0,1.0,1.0
atrw,109,2.0,1.0,1.0,1.0
atrw,111,10.0,1.0,1.0,1.0
atrw,112,6.0,1.0,1.0,1.0
atrw,114,3.0,1.0,1.0,1.0
atrw,115,2.0,1.0,1.0,1.0
atrw,117,2.0,1.0,1.0,1.0
atrw,118,4.0,1.0,1.0,1.0
atrw,12,2.0,1.0,1.0,1.0
atrw,120,5.0,1.0,1.0,1.0
atrw,121,5.0,1.0,1.0,1.0
atrw,123,4.0,1.0,1.0,1.0
atrw,124,2.0,1.0,1.0,1.0
atrw,126,2.0,1.0,1.0,1.0
atrw,127,5.0,1.0,1.0,1.0
atrw,129,2.0,1.0,1.0,1.0
atrw,13,3.0,1.0,1.0,1.0
atrw,130,2.0,1.0,1.0,1.0
atrw,132,2.0,1.0,1.0,1.0
atrw,133,6.0,0.8333333333333334,1.0,0.9090909090909091
atrw,135,16.0,0.8125,0.7222222222222222,0.7647058823529411
atrw,136,8.0,1.0,0.8888888888888888,0.9411764705882353
atrw,138,9.0,0.4444444444444444,0.5,0.47058823529411764
atrw,139,2.0,0.5,1.0,0.6666666666666666
atrw,141,5.0,1.0,0.7142857142857143,0.8333333333333334
atrw,142,3.0,0.3333333333333333,0.5,0.4
atrw,144,10.0,0.9,1.0,0.9473684210526315
atrw,145,3.0,0.6666666666666666,0.6666666666666666,0.6666666666666666
atrw,147,7.0,1.0,1.0,1.0
atrw,148,2.0,1.0,1.0,1.0
atrw,15,6.0,1.0,0.75,0.8571428571428571
atrw,150,4.0,1.0,1.0,1.0
atrw,151,2.0,1.0,1.0,1.0
atrw,153,20.0,1.0,1.0,1.0
atrw,154,10.0,1.0,1.0,1.0
atrw,156,33.0,0.8787878787878788,0.90625,0.8923076923076924
atrw,157,26.0,0.8461538461538461,0.8148148148148148,0.8301886792452831
atrw,159,45.0,0.9333333333333333,0.9767441860465116,0.9545454545454546
atrw,16,9.0,0.7777777777777778,1.0,0.875
atrw,160,19.0,1.0,1.0,1.0
atrw,162,50.0,0.9,0.8823529411764706,0.8910891089108911
atrw,163,28.0,0.8928571428571429,0.8620689655172413,0.8771929824561403
atrw,165,15.0,1.0,1.0,1.0
atrw,166,32.0,1.0,1.0,1.0
atrw,168,6.0,1.0,1.0,1.0
atrw,169,11.0,1.0,1.0,1.0
atrw,171,3.0,1.0,1.0,1.0
atrw,172,6.0,1.0,1.0,1.0
atrw,174,10.0,1.0,1.0,1.0
atrw,175,4.0,1.0,1.0,1.0
atrw,177,3.0,1.0,1.0,1.0
atrw,178,3.0,1.0,1.0,1.0
atrw,18,13.0,1.0,1.0,1.0
atrw,180,5.0,1.0,1.0,1.0
atrw,181,2.0,1.0,1.0,1.0
atrw,183,4.0,1.0,1.0,1.0
atrw,184,9.0,1.0,1.0,1.0
atrw,186,4.0,1.0,1.0,1.0
atrw,187,2.0,1.0,1.0,1.0
atrw,189,4.0,0.75,1.0,0.8571428571428571
atrw,19,8.0,1.0,1.0,1.0
atrw,190,7.0,1.0,1.0,1.0
atrw,192,4.0,0.5,1.0,0.6666666666666666
atrw,193,4.0,1.0,1.0,1.0
atrw,195,2.0,1.0,0.6666666666666666,0.8
atrw,196,2.0,1.0,1.0,1.0
atrw,198,2.0,1.0,1.0,1.0
atrw,199,4.0,1.0,1.0,1.0
atrw,201,3.0,1.0,0.75,0.8571428571428571
atrw,202,4.0,0.75,0.6,0.6666666666666666
atrw,204,4.0,1.0,0.8,0.8888888888888888
atrw,205,5.0,0.6,1.0,0.75
atrw,207,4.0,1.0,0.8,0.8888888888888888
atrw,208,2.0,1.0,1.0,1.0
atrw,21,5.0,1.0,1.0,1.0
atrw,210,4.0,1.0,1.0,1.0
atrw,211,2.0,1.0,1.0,1.0
atrw,213,2.0,1.0,1.0,1.0
atrw,214,4.0,1.0,1.0,1.0
atrw,216,2.0,1.0,1.0,1.0
atrw,217,3.0,1.0,1.0,1.0
atrw,219,6.0,1.0,1.0,1.0
atrw,22,3.0,1.0,1.0,1.0
atrw,220,2.0,1.0,1.0,1.0
atrw,222,2.0,1.0,1.0,1.0
atrw,223,3.0,1.0,1.0,1.0
atrw,225,5.0,1.0,1.0,1.0
atrw,226,2.0,1.0,1.0,1.0
atrw,228,2.0,1.0,1.0,1.0
atrw,229,2.0,1.0,1.0,1.0
atrw,231,5.0,1.0,1.0,1.0
atrw,232,4.0,1.0,1.0,1.0
atrw,234,20.0,1.0,1.0,1.0
atrw,235,19.0,1.0,1.0,1.0
atrw,237,7.0,1.0,1.0,1.0
atrw,238,4.0,1.0,1.0,1.0
atrw,24,2.0,1.0,1.0,1.0
atrw,240,3.0,1.0,1.0,1.0
atrw,243,8.0,1.0,1.0,1.0
atrw,244,5.0,1.0,1.0,1.0
atrw,246,10.0,1.0,1.0,1.0
atrw,247,7.0,1.0,0.875,0.9333333333333333
atrw,249,7.0,1.0,1.0,1.0
atrw,25,2.0,1.0,1.0,1.0
atrw,250,4.0,0.75,1.0,0.8571428571428571
atrw,252,2.0,1.0,1.0,1.0
atrw,253,3.0,1.0,1.0,1.0
atrw,255,3.0,1.0,1.0,1.0
atrw,256,4.0,1.0,1.0,1.0
atrw,258,10.0,1.0,1.0,1.0
atrw,259,3.0,1.0,0.75,0.8571428571428571
atrw,261,6.0,1.0,1.0,1.0
atrw,262,14.0,1.0,1.0,1.0
atrw,264,5.0,1.0,1.0,1.0
atrw,265,8.0,1.0,1.0,1.0
atrw,267,5.0,1.0,1.0,1.0
atrw,268,5.0,1.0,1.0,1.0
atrw,27,2.0,1.0,1.0,1.0
atrw,270,19.0,1.0,1.0,1.0
atrw,271,3.0,0.6666666666666666,1.0,0.8
atrw,273,3.0,1.0,1.0,1.0
atrw,274,3.0,1.0,1.0,1.0
atrw,28,2.0,1.0,1.0,1.0
atrw,3,4.0,1.0,1.0,1.0
atrw,30,3.0,1.0,1.0,1.0
atrw,31,4.0,1.0,1.0,1.0
atrw,33,2.0,1.0,1.0,1.0
atrw,34,2.0,1.0,1.0,1.0
atrw,36,4.0,1.0,1.0,1.0
atrw,37,4.0,1.0,1.0,1.0
atrw,39,2.0,1.0,1.0,1.0
atrw,4,5.0,1.0,1.0,1.0
atrw,40,3.0,1.0,1.0,1.0
atrw,42,2.0,1.0,1.0,1.0
atrw,43,3.0,1.0,1.0,1.0
atrw,45,2.0,1.0,1.0,1.0
atrw,46,4.0,1.0,1.0,1.0
atrw,48,14.0,1.0,1.0,1.0
atrw,49,4.0,1.0,1.0,1.0
atrw,51,2.0,1.0,1.0,1.0
atrw,52,4.0,1.0,1.0,1.0
atrw,54,4.0,1.0,1.0,1.0
atrw,55,4.0,1.0,1.0,1.0
atrw,57,3.0,1.0,1.0,1.0
atrw,6,3.0,1.0,1.0,1.0
atrw,60,2.0,1.0,1.0,1.0
atrw,61,6.0,0.5,1.0,0.6666666666666666
atrw,63,7.0,0.42857142857142855,0.75,0.5454545454545454
atrw,64,4.0,1.0,1.0,1.0
atrw,66,4.0,1.0,1.0,1.0
atrw,67,2.0,1.0,1.0,1.0
atrw,69,2.0,1.0,1.0,1.0
atrw,7,10.0,1.0,1.0,1.0
atrw,70,5.0,1.0,1.0,1.0
atrw,72,3.0,1.0,1.0,1.0
atrw,73,12.0,0.5,0.6,0.5454545454545454
atrw,75,4.0,0.5,0.2,0.2857142857142857
atrw,76,2.0,1.0,1.0,1.0
atrw,78,3.0,0.6666666666666666,1.0,0.8
atrw,79,5.0,0.8,0.5714285714285714,0.6666666666666666
atrw,81,2.0,1.0,0.6666666666666666,0.8
atrw,82,2.0,1.0,1.0,1.0
atrw,84,4.0,1.0,1.0,1.0
atrw,85,2.0,1.0,1.0,1.0
atrw,87,8.0,1.0,1.0,1.0
atrw,88,2.0,1.0,1.0,1.0
atrw,9,4.0,1.0,1.0,1.0
atrw,90,2.0,1.0,1.0,1.0
atrw,91,2.0,1.0,1.0,1.0
atrw,93,5.0,1.0,1.0,1.0
atrw,94,2.0,1.0,1.0,1.0
atrw,96,2.0,1.0,1.0,1.0
atrw,97,4.0,1.0,1.0,1.0
atrw,99,8.0,1.0,1.0,1.0
cowdataset,CowDataset_1,37.0,1.0,0.8809523809523809,0.9367088607594937
cowdataset,CowDataset_10,2.0,1.0,0.16666666666666666,0.2857142857142857
cowdataset,CowDataset_11,16.0,0.875,0.6666666666666666,0.7567567567567568
cowdataset,CowDataset_13,11.0,0.9090909090909091,0.7692307692307693,0.8333333333333334
cowdataset,CowDataset_2,75.0,0.72,1.0,0.8372093023255814
cowdataset,CowDataset_3,1.0,1.0,0.05263157894736842,0.1
cowdataset,CowDataset_4,101.0,0.8613861386138614,1.0,0.925531914893617
cowdataset,CowDataset_5,48.0,0.8125,0.9069767441860465,0.8571428571428571
cowdataset,CowDataset_6,14.0,0.42857142857142855,0.75,0.5454545454545454
cowdataset,CowDataset_7,19.0,0.8947368421052632,0.85,0.8717948717948718
cowdataset,CowDataset_8,41.0,1.0,0.9318181818181818,0.9647058823529412
cowdataset,CowDataset_9,4.0,1.0,0.6666666666666666,0.8
chicks4freeid,Chicks4FreeID_0,5.0,1.0,1.0,1.0
chicks4freeid,Chicks4FreeID_10,5.0,1.0,1.0,1.0
chicks4freeid,Chicks4FreeID_11,3.0,1.0,1.0,1.0
chicks4freeid,Chicks4FreeID_12,2.0,1.0,1.0,1.0
chicks4freeid,Chicks4FreeID_13,4.0,0.75,1.0,0.8571428571428571
chicks4freeid,Chicks4FreeID_14,3.0,1.0,1.0,1.0
chicks4freeid,Chicks4FreeID_15,5.0,1.0,0.8333333333333334,0.9090909090909091
chicks4freeid,Chicks4FreeID_16,5.0,1.0,1.0,1.0
chicks4freeid,Chicks4FreeID_17,3.0,1.0,0.75,0.8571428571428571
chicks4freeid,Chicks4FreeID_18,3.0,0.6666666666666666,1.0,0.8
chicks4freeid,Chicks4FreeID_19,3.0,0.6666666666666666,1.0,0.8
chicks4freeid,Chicks4FreeID_2,4.0,1.0,1.0,1.0
chicks4freeid,Chicks4FreeID_20,2.0,1.0,0.6666666666666666,0.8
chicks4freeid,Chicks4FreeID_21,3.0,1.0,1.0,1.0
chicks4freeid,Chicks4FreeID_22,4.0,1.0,1.0,1.0
chicks4freeid,Chicks4FreeID_23,2.0,0.0,0.0,0.0
chicks4freeid,Chicks4FreeID_24,6.0,1.0,1.0,1.0
chicks4freeid,Chicks4FreeID_25,3.0,1.0,0.75,0.8571428571428571
chicks4freeid,Chicks4FreeID_26,2.0,1.0,0.6666666666666666,0.8
chicks4freeid,Chicks4FreeID_27,3.0,1.0,1.0,1.0
chicks4freeid,Chicks4FreeID_28,4.0,1.0,0.8,0.8888888888888888
chicks4freeid,Chicks4FreeID_29,6.0,0.6666666666666666,1.0,0.8
chicks4freeid,Chicks4FreeID_3,6.0,1.0,0.75,0.8571428571428571
chicks4freeid,Chicks4FreeID_30,5.0,1.0,0.8333333333333334,0.9090909090909091
chicks4freeid,Chicks4FreeID_31,3.0,0.3333333333333333,1.0,0.5
chicks4freeid,Chicks4FreeID_32,8.0,0.75,1.0,0.8571428571428571
chicks4freeid,Chicks4FreeID_34,5.0,1.0,0.8333333333333334,0.9090909090909091
chicks4freeid,Chicks4FreeID_35,2.0,0.5,1.0,0.6666666666666666
chicks4freeid,Chicks4FreeID_36,2.0,1.0,0.6666666666666666,0.8
chicks4freeid,Chicks4FreeID_37,3.0,1.0,1.0,1.0
chicks4freeid,Chicks4FreeID_38,3.0,0.6666666666666666,0.6666666666666666,0.6666666666666666
chicks4freeid,Chicks4FreeID_39,2.0,1.0,1.0,1.0
chicks4freeid,Chicks4FreeID_4,5.0,1.0,1.0,1.0
chicks4freeid,Chicks4FreeID_40,2.0,1.0,1.0,1.0
chicks4freeid,Chicks4FreeID_41,3.0,1.0,0.75,0.8571428571428571
chicks4freeid,Chicks4FreeID_42,3.0,0.6666666666666666,1.0,0.8
chicks4freeid,Chicks4FreeID_43,1.0,1.0,1.0,1.0
chicks4freeid,Chicks4FreeID_44,2.0,1.0,0.6666666666666666,0.8
chicks4freeid,Chicks4FreeID_45,1.0,0.0,0.0,0.0
chicks4freeid,Chicks4FreeID_46,2.0,1.0,1.0,1.0
chicks4freeid,Chicks4FreeID_47,3.0,1.0,1.0,1.0
chicks4freeid,Chicks4FreeID_48,3.0,1.0,1.0,1.0
chicks4freeid,Chicks4FreeID_49,4.0,1.0,1.0,1.0
chicks4freeid,Chicks4FreeID_5,4.0,1.0,1.0,1.0
chicks4freeid,Chicks4FreeID_6,4.0,0.75,0.5,0.6
chicks4freeid,Chicks4FreeID_7,4.0,1.0,1.0,1.0
chicks4freeid,Chicks4FreeID_8,5.0,1.0,1.0,1.0
chicks4freeid,Chicks4FreeID_9,5.0,0.8,1.0,0.8888888888888888
czoo,Alex,14.0,1.0,1.0,1.0
czoo,Alexandra,15.0,1.0,1.0,1.0
czoo,Annett,15.0,1.0,1.0,1.0
czoo,Bangolo,22.0,1.0,1.0,1.0
czoo,Corrie,16.0,1.0,1.0,1.0
czoo,Dorien,20.0,1.0,1.0,1.0
czoo,Fifi,21.0,1.0,1.0,1.0
czoo,Fraukje,13.0,1.0,1.0,1.0
czoo,Frodo,14.0,0.9285714285714286,1.0,0.9629629629629629
czoo,Gertrudia,17.0,1.0,1.0,1.0
czoo,Jahaga,19.0,1.0,1.0,1.0
czoo,Kara,18.0,1.0,0.9473684210526315,0.972972972972973
czoo,Kofi,20.0,0.95,1.0,0.9743589743589743
czoo,Lobo,21.0,1.0,1.0,1.0
czoo,Lome,20.0,0.95,0.95,0.95
czoo,Natascha,20.0,1.0,1.0,1.0
czoo,Patrick,16.0,1.0,1.0,1.0
czoo,Pia,20.0,0.95,1.0,0.9743589743589743
czoo,Riet,16.0,1.0,0.9411764705882353,0.9696969696969697
czoo,Robert,18.0,1.0,1.0,1.0
czoo,Sandra,12.0,1.0,1.0,1.0
czoo,Swela,21.0,1.0,1.0,1.0
czoo,Tai,19.0,1.0,0.95,0.9743589743589743
czoo,Ulla,16.0,1.0,1.0,1.0
elpephants,15,2.0,0.0,0.0,0.0
elpephants,24,1.0,0.0,0.0,0.0
elpephants,28,3.0,0.0,0.0,0.0
elpephants,35,3.0,0.6666666666666666,0.5,0.5714285714285714
elpephants,42,3.0,0.3333333333333333,0.25,0.2857142857142857
elpephants,52,2.0,0.0,0.0,0.0
elpephants,90,1.0,0.0,0.0,0.0
elpephants,101,1.0,0.0,0.0,0.0
elpephants,102,2.0,0.0,0.0,0.0
elpephants,134,2.0,0.0,0.0,0.0
elpephants,145,2.0,0.0,0.0,0.0
elpephants,160,2.0,0.0,0.0,0.0
elpephants,165,2.0,0.0,0.0,0.0
elpephants,183,2.0,0.0,0.0,0.0
elpephants,193,1.0,0.0,0.0,0.0
elpephants,251,2.0,0.0,0.0,0.0
elpephants,264,3.0,0.0,0.0,0.0
elpephants,269,1.0,0.0,0.0,0.0
elpephants,276,4.0,0.0,0.0,0.0
elpephants,281,1.0,0.0,0.0,0.0
elpephants,284,1.0,0.0,0.0,0.0
elpephants,311,2.0,0.5,0.5,0.5
elpephants,314,1.0,0.0,0.0,0.0
elpephants,348,3.0,0.0,0.0,0.0
elpephants,373,5.0,0.0,0.0,0.0
elpephants,379,1.0,0.0,0.0,0.0
elpephants,386,3.0,0.6666666666666666,0.6666666666666666,0.6666666666666666
elpephants,405,3.0,0.0,0.0,0.0
elpephants,415,1.0,0.0,0.0,0.0
elpephants,429,1.0,0.0,0.0,0.0
elpephants,435,2.0,0.0,0.0,0.0
elpephants,459,3.0,0.0,0.0,0.0
elpephants,492,1.0,0.0,0.0,0.0
elpephants,520,1.0,0.0,0.0,0.0
elpephants,565,3.0,0.0,0.0,0.0
elpephants,566,1.0,0.0,0.0,0.0
elpephants,567,1.0,0.0,0.0,0.0
elpephants,568,3.0,0.0,0.0,0.0
elpephants,569,4.0,0.0,0.0,0.0
elpephants,579,2.0,0.0,0.0,0.0
elpephants,611,1.0,0.0,0.0,0.0
elpephants,613,1.0,1.0,0.5,0.6666666666666666
elpephants,619,2.0,0.5,0.5,0.5
elpephants,629,2.0,0.0,0.0,0.0
elpephants,637,3.0,0.6666666666666666,0.6666666666666666,0.6666666666666666
elpephants,638,2.0,0.0,0.0,0.0
elpephants,647,3.0,1.0,0.3,0.46153846153846156
elpephants,654,3.0,0.0,0.0,0.0
elpephants,669,2.0,0.0,0.0,0.0
elpephants,722,1.0,0.0,0.0,0.0
elpephants,736,3.0,0.6666666666666666,0.6666666666666666,0.6666666666666666
elpephants,770,1.0,0.0,0.0,0.0
elpephants,773,1.0,0.0,0.0,0.0
elpephants,796,1.0,1.0,1.0,1.0
elpephants,818,2.0,0.0,0.0,0.0
elpephants,842,4.0,0.0,0.0,0.0
elpephants,843,2.0,0.5,1.0,0.6666666666666666
elpephants,866,2.0,0.0,0.0,0.0
elpephants,923,3.0,0.0,0.0,0.0
elpephants,951,3.0,0.3333333333333333,0.25,0.2857142857142857
elpephants,953,1.0,0.0,0.0,0.0
elpephants,977,3.0,0.3333333333333333,1.0,0.5
elpephants,992,3.0,0.0,0.0,0.0
elpephants,1002,2.0,0.0,0.0,0.0
elpephants,1009,2.0,0.0,0.0,0.0
elpephants,1017,2.0,0.0,0.0,0.0
elpephants,1019,1.0,1.0,0.25,0.4
elpephants,1035,1.0,0.0,0.0,0.0
elpephants,1051,1.0,0.0,0.0,0.0
elpephants,1074,1.0,0.0,0.0,0.0
elpephants,1075,1.0,0.0,0.0,0.0
elpephants,1076,1.0,0.0,0.0,0.0
elpephants,1084,1.0,1.0,1.0,1.0
elpephants,1086,1.0,0.0,0.0,0.0
elpephants,1100,1.0,0.0,0.0,0.0
elpephants,1123,2.0,0.0,0.0,0.0
elpephants,1127,2.0,0.5,1.0,0.6666666666666666
elpephants,1146,3.0,0.0,0.0,0.0
elpephants,1152,1.0,0.0,0.0,0.0
elpephants,1157,1.0,0.0,0.0,0.0
elpephants,1183,1.0,0.0,0.0,0.0
elpephants,1184,1.0,1.0,1.0,1.0
elpephants,1186,1.0,0.0,0.0,0.0
elpephants,1195,1.0,0.0,0.0,0.0
elpephants,1211,3.0,0.3333333333333333,0.5,0.4
elpephants,1214,3.0,0.6666666666666666,0.4,0.5
elpephants,1223,2.0,0.0,0.0,0.0
elpephants,1229,2.0,0.0,0.0,0.0
elpephants,1233,2.0,0.0,0.0,0.0
elpephants,1234,1.0,0.0,0.0,0.0
elpephants,1248,2.0,0.0,0.0,0.0
elpephants,1287,1.0,0.0,0.0,0.0
elpephants,1293,1.0,0.0,0.0,0.0
elpephants,1319,5.0,0.0,0.0,0.0
elpephants,1356,1.0,0.0,0.0,0.0
elpephants,1365,2.0,0.0,0.0,0.0
elpephants,1370,1.0,0.0,0.0,0.0
elpephants,1396,3.0,0.3333333333333333,0.16666666666666666,0.2222222222222222
elpephants,1411,3.0,0.6666666666666666,1.0,0.8
elpephants,1436,3.0,0.0,0.0,0.0
elpephants,1437,1.0,1.0,0.3333333333333333,0.5
elpephants,1439,1.0,1.0,1.0,1.0
elpephants,1450,1.0,0.0,0.0,0.0
elpephants,1456,1.0,0.0,0.0,0.0
elpephants,1465,3.0,0.6666666666666666,1.0,0.8
elpephants,1469,3.0,0.0,0.0,0.0
elpephants,1505,1.0,0.0,0.0,0.0
elpephants,1536,1.0,0.0,0.0,0.0
elpephants,1548,1.0,0.0,0.0,0.0
elpephants,1566,1.0,1.0,1.0,1.0
elpephants,1570,1.0,0.0,0.0,0.0
elpephants,1576,2.0,0.0,0.0,0.0
elpephants,1577,1.0,0.0,0.0,0.0
elpephants,1578,2.0,0.0,0.0,0.0
elpephants,1595,1.0,0.0,0.0,0.0
elpephants,1609,1.0,1.0,1.0,1.0
elpephants,1613,4.0,0.5,1.0,0.6666666666666666
elpephants,1617,1.0,0.0,0.0,0.0
elpephants,1638,2.0,1.0,0.5,0.6666666666666666
elpephants,1655,1.0,0.0,0.0,0.0
elpephants,1658,1.0,0.0,0.0,0.0
elpephants,1659,1.0,1.0,1.0,1.0
elpephants,1673,3.0,0.3333333333333333,0.16666666666666666,0.2222222222222222
elpephants,1674,1.0,0.0,0.0,0.0
elpephants,1732,2.0,0.0,0.0,0.0
elpephants,1772,2.0,0.0,0.0,0.0
elpephants,1775,2.0,0.5,0.5,0.5
elpephants,1797,1.0,0.0,0.0,0.0
elpephants,1799,1.0,0.0,0.0,0.0
elpephants,1867,5.0,0.4,0.25,0.3076923076923077
elpephants,1868,2.0,0.0,0.0,0.0
elpephants,1876,1.0,0.0,0.0,0.0
elpephants,1888,2.0,0.0,0.0,0.0
elpephants,1890,4.0,0.0,0.0,0.0
elpephants,1909,2.0,0.0,0.0,0.0
elpephants,1945,3.0,0.3333333333333333,0.5,0.4
elpephants,1975,1.0,0.0,0.0,0.0
elpephants,1990,1.0,0.0,0.0,0.0
elpephants,1994,1.0,0.0,0.0,0.0
elpephants,1997,3.0,0.0,0.0,0.0
elpephants,2022,1.0,0.0,0.0,0.0
elpephants,2036,1.0,1.0,0.3333333333333333,0.5
elpephants,2038,1.0,0.0,0.0,0.0
elpephants,2073,1.0,0.0,0.0,0.0
elpephants,2090,1.0,0.0,0.0,0.0
elpephants,2091,1.0,0.0,0.0,0.0
elpephants,2122,2.0,0.0,0.0,0.0
elpephants,2125,2.0,0.0,0.0,0.0
elpephants,2164,3.0,0.0,0.0,0.0
elpephants,2241,3.0,0.0,0.0,0.0
elpephants,2246,2.0,0.5,1.0,0.6666666666666666
elpephants,2276,1.0,0.0,0.0,0.0
elpephants,2281,3.0,0.0,0.0,0.0
elpephants,2297,1.0,0.0,0.0,0.0
elpephants,2350,2.0,0.0,0.0,0.0
elpephants,2353,4.0,0.0,0.0,0.0
elpephants,2367,2.0,0.0,0.0,0.0
elpephants,2380,2.0,0.0,0.0,0.0
elpephants,2408,1.0,0.0,0.0,0.0
elpephants,2438,1.0,0.0,0.0,0.0
elpephants,2477,1.0,0.0,0.0,0.0
elpephants,2498,1.0,1.0,0.3333333333333333,0.5
elpephants,2559,2.0,0.0,0.0,0.0
elpephants,2560,1.0,0.0,0.0,0.0
elpephants,2577,1.0,0.0,0.0,0.0
elpephants,2578,2.0,0.5,0.16666666666666666,0.25
elpephants,2585,2.0,0.5,1.0,0.6666666666666666
elpephants,2602,5.0,0.2,0.3333333333333333,0.25
elpephants,2651,1.0,0.0,0.0,0.0
elpephants,2655,5.0,0.4,0.3333333333333333,0.36363636363636365
elpephants,2670,2.0,0.5,0.5,0.5
elpephants,2671,2.0,0.5,0.25,0.3333333333333333
elpephants,2674,1.0,0.0,0.0,0.0
elpephants,2675,2.0,0.5,1.0,0.6666666666666666
elpephants,2681,4.0,0.25,0.25,0.25
elpephants,2723,1.0,0.0,0.0,0.0
elpephants,2733,1.0,1.0,1.0,1.0
elpephants,2764,2.0,0.0,0.0,0.0
elpephants,2779,3.0,0.3333333333333333,0.5,0.4
elpephants,2791,1.0,1.0,0.5,0.6666666666666666
elpephants,2792,1.0,0.0,0.0,0.0
elpephants,2841,1.0,0.0,0.0,0.0
elpephants,2844,1.0,1.0,0.5,0.6666666666666666
elpephants,2944,2.0,0.5,0.25,0.3333333333333333
elpephants,2991,1.0,0.0,0.0,0.0
elpephants,2999,1.0,1.0,1.0,1.0
elpephants,3012,5.0,0.2,0.125,0.15384615384615385
elpephants,3045,3.0,0.0,0.0,0.0
elpephants,3055,1.0,0.0,0.0,0.0
elpephants,3061,4.0,0.75,1.0,0.8571428571428571
elpephants,3062,3.0,0.6666666666666666,0.2857142857142857,0.4
elpephants,3114,2.0,0.5,0.25,0.3333333333333333
elpephants,3134,4.0,0.25,0.16666666666666666,0.2
elpephants,3161,1.0,0.0,0.0,0.0
elpephants,3248,1.0,0.0,0.0,0.0
elpephants,3252,1.0,0.0,0.0,0.0
elpephants,3329,1.0,0.0,0.0,0.0
elpephants,3337,1.0,0.0,0.0,0.0
elpephants,3346,2.0,0.5,0.25,0.3333333333333333
elpephants,3366,1.0,0.0,0.0,0.0
elpephants,3372,1.0,0.0,0.0,0.0
elpephants,3384,1.0,0.0,0.0,0.0
elpephants,3387,2.0,0.5,0.5,0.5
elpephants,3409,1.0,0.0,0.0,0.0
elpephants,3410,2.0,1.0,0.5,0.6666666666666666
elpephants,3412,4.0,0.25,0.14285714285714285,0.18181818181818182
elpephants,3414,1.0,0.0,0.0,0.0
elpephants,3423,1.0,0.0,0.0,0.0
elpephants,3427,2.0,0.5,0.25,0.3333333333333333
elpephants,3428,2.0,0.0,0.0,0.0
elpephants,3436,2.0,0.5,0.5,0.5
elpephants,3439,1.0,0.0,0.0,0.0
elpephants,3441,1.0,0.0,0.0,0.0
elpephants,3470,5.0,0.6,0.375,0.46153846153846156
elpephants,3480,1.0,0.0,0.0,0.0
elpephants,3483,2.0,0.5,0.25,0.3333333333333333
elpephants,3503,1.0,0.0,0.0,0.0
elpephants,3507,1.0,0.0,0.0,0.0
elpephants,3550,1.0,0.0,0.0,0.0
elpephants,3552,1.0,0.0,0.0,0.0
elpephants,3637,4.0,0.25,0.125,0.16666666666666666
elpephants,3639,1.0,0.0,0.0,0.0
elpephants,3746,4.0,0.25,1.0,0.4
elpephants,3747,4.0,0.0,0.0,0.0
elpephants,3756,3.0,0.0,0.0,0.0
elpephants,3766,3.0,0.0,0.0,0.0
elpephants,3809,3.0,0.3333333333333333,0.25,0.2857142857142857
elpephants,3817,1.0,0.0,0.0,0.0
elpephants,3819,1.0,0.0,0.0,0.0
elpephants,3883,1.0,0.0,0.0,0.0
elpephants,3886,1.0,0.0,0.0,0.0
elpephants,3897,3.0,0.0,0.0,0.0
elpephants,3898,3.0,0.0,0.0,0.0
elpephants,3901,1.0,0.0,0.0,0.0
elpephants,3917,2.0,0.0,0.0,0.0
elpephants,3999,3.0,0.0,0.0,0.0
elpephants,4030,4.0,0.0,0.0,0.0
elpephants,4031,2.0,0.0,0.0,0.0
elpephants,4033,1.0,0.0,0.0,0.0
elpephants,4048,1.0,0.0,0.0,0.0
elpephants,4054,1.0,0.0,0.0,0.0
elpephants,4083,1.0,0.0,0.0,0.0
elpephants,4084,1.0,1.0,0.3333333333333333,0.5
elpephants,4088,2.0,0.0,0.0,0.0
elpephants,4099,1.0,0.0,0.0,0.0
elpephants,4109,3.0,0.3333333333333333,0.16666666666666666,0.2222222222222222
elpephants,4115,1.0,0.0,0.0,0.0
elpephants,4155,2.0,0.0,0.0,0.0
elpephants,4169,2.0,1.0,0.3333333333333333,0.5
elpephants,4246,1.0,0.0,0.0,0.0
elpephants,4249,1.0,0.0,0.0,0.0
elpephants,4254,1.0,0.0,0.0,0.0
elpephants,4265,1.0,0.0,0.0,0.0
elpephants,4330,2.0,0.0,0.0,0.0
elpephants,4339,2.0,0.5,0.3333333333333333,0.4
elpephants,4345,2.0,0.0,0.0,0.0
elpephants,4428,2.0,0.0,0.0,0.0
elpephants,4729,2.0,0.5,0.25,0.3333333333333333
elpephants,4829,1.0,0.0,0.0,0.0
elpephants,5043,1.0,1.0,1.0,1.0
elpephants,5061,5.0,0.8,0.8,0.8
elpephants,5137,3.0,0.0,0.0,0.0
elpephants,5160,2.0,0.0,0.0,0.0
elpephants,5163,1.0,0.0,0.0,0.0
elpephants,5252,1.0,0.0,0.0,0.0
elpephants,5259,1.0,0.0,0.0,0.0
elpephants,5480,1.0,0.0,0.0,0.0
elpephants,5778,2.0,0.0,0.0,0.0
elpephants,5901,2.0,0.0,0.0,0.0
elpephants,5998,1.0,0.0,0.0,0.0
elpephants,6087,1.0,0.0,0.0,0.0
elpephants,6091,1.0,0.0,0.0,0.0
sealid,1,3.0,0.6666666666666666,1.0,0.8
sealid,10,13.0,0.9230769230769231,0.9230769230769231,0.9230769230769231
sealid,100,12.0,0.9166666666666666,0.9166666666666666,0.9166666666666666
sealid,101,5.0,0.4,0.4,0.4
sealid,103,12.0,0.75,0.9,0.8181818181818182
sealid,104,10.0,0.8,0.8888888888888888,0.8421052631578947
sealid,109,6.0,0.6666666666666666,0.6666666666666666,0.6666666666666666
sealid,114,6.0,0.5,0.5,0.5
sealid,115,8.0,0.875,0.7777777777777778,0.8235294117647058
sealid,116,9.0,1.0,0.5294117647058824,0.6923076923076923
sealid,125,13.0,1.0,0.7647058823529411,0.8666666666666667
sealid,127,4.0,1.0,1.0,1.0
sealid,130,17.0,1.0,0.9444444444444444,0.9714285714285714
sealid,137,5.0,1.0,0.7142857142857143,0.8333333333333334
sealid,14,3.0,0.3333333333333333,0.3333333333333333,0.3333333333333333
sealid,141,3.0,0.0,0.0,0.0
sealid,147,5.0,0.6,1.0,0.75
sealid,149,6.0,0.8333333333333334,1.0,0.9090909090909091
sealid,151,4.0,0.5,0.4,0.4444444444444444
sealid,160,3.0,0.6666666666666666,0.5,0.5714285714285714
sealid,161,5.0,0.6,0.6,0.6
sealid,164,10.0,0.5,0.8333333333333334,0.625
sealid,167,10.0,0.9,1.0,0.9473684210526315
sealid,168,13.0,1.0,1.0,1.0
sealid,170,5.0,1.0,1.0,1.0
sealid,174,5.0,0.8,0.6666666666666666,0.7272727272727273
sealid,176,8.0,0.75,1.0,0.8571428571428571
sealid,187,6.0,0.8333333333333334,0.45454545454545453,0.5882352941176471
sealid,188,4.0,0.5,1.0,0.6666666666666666
sealid,21,16.0,0.9375,0.9375,0.9375
sealid,211,3.0,1.0,0.6,0.75
sealid,213,4.0,1.0,0.8,0.8888888888888888
sealid,219,4.0,0.5,0.5,0.5
sealid,22,8.0,0.625,0.8333333333333334,0.7142857142857143
sealid,223,3.0,1.0,0.75,0.8571428571428571
sealid,23,7.0,0.5714285714285714,0.8,0.6666666666666666
sealid,230,7.0,0.8571428571428571,0.8571428571428571,0.8571428571428571
sealid,26,11.0,1.0,1.0,1.0
sealid,28,6.0,0.8333333333333334,0.8333333333333334,0.8333333333333334
sealid,3,4.0,1.0,0.8,0.8888888888888888
sealid,34,27.0,0.9629629629629629,0.9285714285714286,0.9454545454545454
sealid,359,3.0,0.6666666666666666,0.6666666666666666,0.6666666666666666
sealid,38,4.0,0.0,0.0,0.0
sealid,44,3.0,0.0,0.0,0.0
sealid,45,3.0,1.0,0.75,0.8571428571428571
sealid,51,3.0,0.0,0.0,0.0
sealid,61,3.0,0.3333333333333333,0.5,0.4
sealid,76,2.0,0.0,0.0,0.0
sealid,80,4.0,0.5,1.0,0.6666666666666666
sealid,81,4.0,0.0,0.0,0.0
sealid,82,13.0,0.7692307692307693,1.0,0.8695652173913043
sealid,87,6.0,0.3333333333333333,0.3333333333333333,0.3333333333333333
sealid,88,3.0,1.0,1.0,1.0
sealid,91,16.0,0.875,0.9333333333333333,0.9032258064516129
sealid,93,14.0,0.8571428571428571,0.9230769230769231,0.8888888888888888
sealid,96,16.0,0.875,0.9333333333333333,0.9032258064516129
sealid,97,7.0,1.0,0.6363636363636364,0.7777777777777778
seastarreid2023,Anau01,4.0,1.0,1.0,1.0
seastarreid2023,Anau02,4.0,1.0,1.0,1.0
seastarreid2023,Anau03,4.0,1.0,1.0,1.0
seastarreid2023,Anau04,3.0,1.0,0.6,0.75
seastarreid2023,Anau05,4.0,1.0,1.0,1.0
seastarreid2023,Anau06,3.0,1.0,1.0,1.0
seastarreid2023,Anau07,3.0,1.0,1.0,1.0
seastarreid2023,Anau08,4.0,0.75,1.0,0.8571428571428571
seastarreid2023,Anau09,4.0,1.0,1.0,1.0
seastarreid2023,Anau10,4.0,1.0,0.8,0.8888888888888888
seastarreid2023,Anau11,4.0,1.0,1.0,1.0
seastarreid2023,Anau12,4.0,1.0,1.0,1.0
seastarreid2023,Anau13,4.0,0.75,1.0,0.8571428571428571
seastarreid2023,Anau14,3.0,1.0,1.0,1.0
seastarreid2023,Anau15,2.0,1.0,0.6666666666666666,0.8
seastarreid2023,Anau16,3.0,1.0,1.0,1.0
seastarreid2023,Anau17,3.0,0.6666666666666666,1.0,0.8
seastarreid2023,Anau18,3.0,1.0,1.0,1.0
seastarreid2023,Anau19,3.0,1.0,1.0,1.0
seastarreid2023,Anau20,3.0,1.0,1.0,1.0
seastarreid2023,Anau21,3.0,1.0,0.75,0.8571428571428571
seastarreid2023,Anau22,3.0,0.6666666666666666,1.0,0.8
seastarreid2023,Anau23,3.0,1.0,0.75,0.8571428571428571
seastarreid2023,Anau24,4.0,0.5,0.6666666666666666,0.5714285714285714
seastarreid2023,Anau25,3.0,0.6666666666666666,1.0,0.8
seastarreid2023,Anau26,4.0,1.0,1.0,1.0
seastarreid2023,Anau27,3.0,0.6666666666666666,0.6666666666666666,0.6666666666666666
seastarreid2023,Anau28,3.0,1.0,1.0,1.0
seastarreid2023,Anau29,3.0,1.0,1.0,1.0
seastarreid2023,Anau30,3.0,1.0,1.0,1.0
seastarreid2023,Anau31,5.0,1.0,1.0,1.0
seastarreid2023,Anau32,4.0,0.75,1.0,0.8571428571428571
seastarreid2023,Anau33,3.0,1.0,0.75,0.8571428571428571
seastarreid2023,Anau34,3.0,1.0,1.0,1.0
seastarreid2023,Anau35,3.0,1.0,0.6,0.75
seastarreid2023,Anau36,4.0,1.0,0.8,0.8888888888888888
seastarreid2023,Anau37,3.0,1.0,0.75,0.8571428571428571
seastarreid2023,Anau38,3.0,1.0,1.0,1.0
seastarreid2023,Anau39,4.0,1.0,1.0,1.0
seastarreid2023,Anau40,3.0,1.0,1.0,1.0
seastarreid2023,Anau41,4.0,1.0,1.0,1.0
seastarreid2023,Anau42,4.0,0.75,1.0,0.8571428571428571
seastarreid2023,Anau43,4.0,1.0,1.0,1.0
seastarreid2023,Anau44,3.0,1.0,1.0,1.0
seastarreid2023,Anau45,3.0,1.0,1.0,1.0
seastarreid2023,Anau46,3.0,1.0,1.0,1.0
seastarreid2023,Anau47,3.0,1.0,1.0,1.0
seastarreid2023,Anau48,4.0,0.75,1.0,0.8571428571428571
seastarreid2023,Anau49,3.0,1.0,0.75,0.8571428571428571
seastarreid2023,Anau50,3.0,1.0,1.0,1.0
seastarreid2023,Anau51,3.0,0.0,0.0,0.0
seastarreid2023,Anau52,4.0,0.75,1.0,0.8571428571428571
seastarreid2023,Anau53,4.0,1.0,1.0,1.0
seastarreid2023,Anau54,3.0,1.0,0.75,0.8571428571428571
seastarreid2023,Anau55,4.0,0.75,0.75,0.75
seastarreid2023,Anau56,2.0,0.5,0.5,0.5
seastarreid2023,Asru18,6.0,1.0,1.0,1.0
seastarreid2023,Asru20,6.0,0.16666666666666666,0.16666666666666666,0.16666666666666666
seastarreid2023,Asru21,6.0,0.5,0.75,0.6
seastarreid2023,Asru23,6.0,0.8333333333333334,0.7142857142857143,0.7692307692307693
seastarreid2023,Asru24,6.0,1.0,0.8571428571428571,0.9230769230769231
seastarreid2023,Asru26,6.0,0.8333333333333334,1.0,0.9090909090909091
seastarreid2023,Asru45,6.0,1.0,0.75,0.8571428571428571
seastarreid2023,Asru46,6.0,0.8333333333333334,0.625,0.7142857142857143
seastarreid2023,Asru47,7.0,1.0,1.0,1.0
seastarreid2023,Asru48,6.0,0.5,0.75,0.6
seastarreid2023,Asru49,6.0,0.3333333333333333,0.6666666666666666,0.4444444444444444
seastarreid2023,Asru50,6.0,1.0,1.0,1.0
seastarreid2023,Asru51,6.0,1.0,0.8571428571428571,0.9230769230769231
seastarreid2023,Asru52,6.0,0.8333333333333334,0.7142857142857143,0.7692307692307693
seastarreid2023,Asru53,6.0,0.5,0.6,0.5454545454545454
seastarreid2023,Asru54,7.0,0.7142857142857143,0.7142857142857143,0.7142857142857143
seastarreid2023,Asru55,7.0,1.0,0.875,0.9333333333333333
seastarreid2023,Asru56,8.0,0.875,0.875,0.875
seastarreid2023,Asru57,6.0,1.0,0.8571428571428571,0.9230769230769231
seastarreid2023,Asru58,6.0,0.6666666666666666,0.5714285714285714,0.6153846153846154
seastarreid2023,Asru60,6.0,0.6666666666666666,0.6666666666666666,0.6666666666666666
seastarreid2023,Asru61,6.0,0.8333333333333334,0.5555555555555556,0.6666666666666666
seastarreid2023,Asru62,6.0,0.8333333333333334,0.5555555555555556,0.6666666666666666
seastarreid2023,Asru63,6.0,1.0,0.6,0.75
seastarreid2023,Asru64,6.0,0.6666666666666666,0.6666666666666666,0.6666666666666666
seastarreid2023,Asru65,6.0,0.5,0.5,0.5
seastarreid2023,Asru66,6.0,0.3333333333333333,0.3333333333333333,0.3333333333333333
seastarreid2023,Asru67,6.0,1.0,0.8571428571428571,0.9230769230769231
seastarreid2023,Asru68,5.0,0.8,1.0,0.8888888888888888
seastarreid2023,Asru69,6.0,0.3333333333333333,1.0,0.5
seastarreid2023,Asru70,6.0,0.5,0.6,0.5454545454545454
seastarreid2023,Asru71,6.0,0.6666666666666666,1.0,0.8
seastarreid2023,Asru72,6.0,0.3333333333333333,0.4,0.36363636363636365
seastarreid2023,Asru73,6.0,0.6666666666666666,0.5,0.5714285714285714
seastarreid2023,Asru74,6.0,0.16666666666666666,0.25,0.2
seastarreid2023,Asru75,6.0,0.6666666666666666,1.0,0.8
seastarreid2023,Asru76,6.0,0.6666666666666666,0.8,0.7272727272727273
seastarreid2023,Asru77,6.0,1.0,0.75,0.8571428571428571
seastarreid2023,Asru78,6.0,0.3333333333333333,0.6666666666666666,0.4444444444444444
